Title,Author,Score,Comments,Date,URL,Flair,Post Text,Subreddit,Domain
"2026 Tourist Questions Megathread","IWasBilbo","9","1","Apr 30, 2026, 11:56 AM","https://www.reddit.com/r/Slovenia/comments/1szrljj/2026_tourist_questions_megathread/","Mega","# [Welcome and enjoy Slovenia!](https://slovenia-outdoor.com/wp-content/uploads/2020/05/jezero_jasna_tomo_jesenicnik_photo2.jpg)  This is *the* thread to **ask specific questions** and get local tips, knowledge, and insights!  We also suggest you look at existing guides, tips, and past discussions aimed at tourists here: [**Past tourist megathreads & some excellent user-made guides**](https://www.reddit.com/r/Slovenia/wiki/guides)**.**  Common questions already answered in the past include:  * Details for planning **hut-to-hut hikes in the Triglav National Park**: safety for solo hikers, snow conditions, available amenities, feasibility of specific hikes. * Transportation options & the feasibility and logistics of using **public transportation to access popular spots like the Bled and Bohinj Lakes.** * Booking public transportation tickets online or in advance. * Accommodation options in Ljubljana, Bled, Bohinj, the Coast. * Weather conditions. * ""What to see in x days?"" ""What are the best places for a first-time visitor?"" etc.  There is a search function for comments on this post on both the web and mobile versions of Reddit.","Slovenia","self.Slovenia"
"Ma kaj je s tem folkom?","MysteriousRepeat7566","210","196","Apr 30, 2026, 09:27 AM","https://www.reddit.com/r/Slovenia/comments/1szp1z7/ma_kaj_je_s_tem_folkom/","Discussion 💬","Poznam družino, kjer so po krvi slovenci, pač ne tujci in ne priseljenci. Imajo sina, ki se kliče David (še mali froc). Za koji K ga starši kličejo Dejvid? Pizda mene bi blo sram. Tam se neki derejo, ""Dejvid, vrni tisto nazaj na polico"". Ma dej spizdi s takim folkom.","Slovenia","self.Slovenia"
"Genij Trump","owlexe23","48","63","Apr 30, 2026, 01:01 PM","https://www.reddit.com/r/Slovenia/comments/1szstdr/genij_trump/","Images & Video 📷","","Slovenia","v.redd.it"
"AMA Zdravljen od nekemičnih odvisnosti - igre na srečo","Emotional_Count_7381","51","51","Apr 30, 2026, 10:49 AM","https://www.reddit.com/r/Slovenia/comments/1szqfqu/ama_zdravljen_od_nekemičnih_odvisnosti_igre_na/","AMA 🗣️","Pozdrav ekipa,  Vidim da je zadnje čase veliko threadov, ki se nanašajo na nekemično odvisnost, predvsem od iger na srečo, zato sem se odločil, da naredim en throwaway acc za ta AMA.  Moja zgodba je taka, da sem se tvegano vedel z igrami na srečo verjetno kar lepih 15 let, najprej občasni obiski casinojev, potem pa se je to vse skup lepo preselilo kar na telefon in domači pc. Odvisnost se je razbohotila v zadnjih treh letih, vrhunec pa dosegla konec prejšnjega leta, ko sem se zaradi stiske, financnih pritiskov in pritiskov bližnjih odločil za hospitalno zdravljenje.     Če koga karkoli zanima in če kdorkoli meni, da potrebuje pomoč, lahko pomagam z osebnimi izkušnjami, nasveti, usmerim na kake naslove ali organizacije, ki pomagajo, kako se soočam s cravingi, itd…  Trenutno že neki časa abstiniram, se vračam v ustaljene tirnice in grem dan po dan.  Shoot.","Slovenia","self.Slovenia"
"Greste v resno zvezo z osebo, s katero ne mislite ostati dolgoročno samo zaradi trenutnih koristi?","Upset_Lock4423","20","30","Apr 30, 2026, 03:27 PM","https://www.reddit.com/r/Slovenia/comments/1szw37c/greste_v_resno_zvezo_z_osebo_s_katero_ne_mislite/","Discussion 💬","Kontekst:  Včeraj sedim z moškimi prijatelji, se pogovarjamo o naših življenjih itd. in slišim, kako se 'pritožujejo' čez svoje partnerke (njih ne poznam dobro), kako so čustveno nestabilne, neuporabne itd. in da sploh ne bi bili z njimi, če jim ne bi bilo do seksa oz. načrtujejo ostati z njimi, dokler seks ne bo postal dolgočasen (nimajo otrok z njimi, tudi niso poročeni).  Sam predvidevam, da obstajajo tudi ženske, ki razmišljajo podobno, samo je razlog za zvezo verjetno kaj drugega in ne seks, npr. status partnerja, denar, videz, karakter in si ne predstavljajo dolgoročne zveze z njim.  Jaz, po drugi strani, si ne predstavljam, da bi bil z neko žensko samo zato, da bi imel reden seks in bi jo pač pustil, ko seks postane beden ali pa se namerno ne bi trudil za njo, da me pusti. Imam sicer dokaj nizek libido in mi seks ne predstavlja nekega 'bistva življenja'. Ženska me zanima izključno, če mi predstavlja popolno kombinacijo tistega, kar bi dodatno dvignilo kakovost mojemu življenju in me v tem primeru zanima samo dolgoročen odnos z njo, dokler ima ta smisel za oba. Torej, vsaj teoretično si moram znati predstavljati, da bi bil s to osebo celo (svoje) življenje in da me ta misel osrečuje in ne 'zmrazi'.  Kako pa razmišljate vi? Bi bili z nekom samo zato, da imate reden seks oz. da izgleda, kot da živite bolj polno življenje oz. da vas ljudje iz vašega 'mehurčka' doživljajo kot bolj uspešne, popularne?","Slovenia","self.Slovenia"
"Borut Pahor","ananassymphonie1","37","37","Apr 30, 2026, 11:57 AM","https://www.reddit.com/r/Slovenia/comments/1szrmb1/borut_pahor/","Images & Video 📷","","Slovenia","v.redd.it"
"Pink panter v našem parlamentu","Deep_Celery2162","82","43","Apr 30, 2026, 07:28 AM","https://www.reddit.com/r/Slovenia/comments/1szmwtd/pink_panter_v_našem_parlamentu/","Politični jazjaz 🤡","Lepo videti, da je slovenski parlament obiskal tudi Pink panter","Slovenia","i.redd.it"
"Kak dan v trgovinah ste pa vi danes imeli?","cloppo77","41","55","Apr 30, 2026, 10:40 AM","https://www.reddit.com/r/Slovenia/comments/1szqahz/kak_dan_v_trgovinah_ste_pa_vi_danes_imeli/","Discussion 💬","Js čakam že 20 min v vrsti za blagajno v Lidlu 🫣 nč bat, sm isto kot vsi ostali, 6kg čvapov, 10 baget, 10 bučk 😅😅","Slovenia","self.Slovenia"
"Štrancar zmetal milijone v medije, ki so desnici pomagali na oblast","zozoredit","39","17","Apr 30, 2026, 10:33 AM","https://www.reddit.com/r/Slovenia/comments/1szq6jw/štrancar_zmetal_milijone_v_medije_ki_so_desnici/","Article ✍️","*Aleš Štrancar je torej z denarjem iz tujine v času volilne kampanje plačeval plakate z gesli stranke SDS in pozivi ljudem, naj volijo desnico. Ob tem pa je financiral  izgubaške medije, ki so napadali Golobovo vlado.*   ***￼*** *Toda že prve poteze nove desne koalicije so ga zmotile. Dan potem, ko je SDS zagotovila glasove za imenovanje Zorana Stevanovićaza predsednika državnega zbora, je Štrancar zapisal: ""To ni desno-sredinska vlada, kaj šele desna. Gre za zmes vsegamožnega z edinim ciljem, samo da vladamo. Kumrovška šola.""*  *Posebno kritičen je tudi do dolgoletne evropske poslanke SDS Romane Tomc. Tej očita, da je skupaj z Evropsko ljudsko stranko (EPP) ""na vse načine rušila Orbana"" in podpirala Petra Magyarja, medtem ko naj bi gledala stran pri spornih dejanjih ljubljanskega župana Zorana Jankovića.*","Slovenia","necenzurirano.si"
"Blažu Brodnjaku se smeji: 1,8 milijona evrov plače in 25 tisočakov dividend","owlexe23","13","43","Apr 30, 2026, 03:24 PM","https://www.reddit.com/r/Slovenia/comments/1szw0t2/blažu_brodnjaku_se_smeji_18_milijona_evrov_plače/","News 📰","Uprava in nadzorni svet NLB za prvo letošnje izplačilo dividend predlagata skupno 138,4 milijona evrov oziroma 6,92 evra bruto na delnico. Izplačali bi jih 23. junija.","Slovenia","reporter.si"
"Odločen ne zakonu za bogate","Wise-One1342","40","225","Apr 30, 2026, 08:17 AM","https://www.reddit.com/r/Slovenia/comments/1sznt8v/odločen_ne_zakonu_za_bogate/","Images & Video 📷","Blaž Brodnjak živi rent free pri naših levakih","Slovenia","reddit.com"
"Zakaj je denar kot darilo socialno nesprejemljivo?","ProximusXX","49","64","Apr 30, 2026, 07:34 AM","https://www.reddit.com/r/Slovenia/comments/1szn0he/zakaj_je_denar_kot_darilo_socialno_nesprejemljivo/","Discussion 💬","Sovrazim rojstne dneve, druge obletnice, bozic,... Vedno pride do tega, da ""mores"" nekaj kupit. Zakaj? Vnocljiv prakticno vsepovsod in vsak za sebe naiboljse ve kaj rabi. Ampak ne, ne mores kar dati koverte in cestitat, ker kaj si pa bodo drugi mislili. Oh ne, pol pa cloveka ne poznas dovol dobro, da bi vedel kaj kupit. Plis, vsak ma rad dnar!","Slovenia","self.Slovenia"
"Razvijam odprto in decentralizirano platformo za umetnost in kulturne dogodke, zanima me vaše mnenje","raxig","10","7","Apr 30, 2026, 01:13 PM","https://www.reddit.com/r/Slovenia/comments/1szt1ko/razvijam_odprto_in_decentralizirano_platformo_za/","Discussion 💬","Zdravo,  sem oblikovalec, medijski umetnik in razvijalec, ki trenutno deluje v Ljubljani. Že nekaj časa solo razvijam projekt art.kubus:  https://art.kubus.site  Izhaja iz moje diplomske in magistrske raziskave na ALUO, kjer sem se ukvarjal z vprašanjem, kako lahko digitalne in decentralizirane platforme omogočijo bolj odprt dostop do umetnosti, večjo vidnost ustvarjalcev in drugačne načine povezovanja med umetniki, institucijami in občinstvom.  Ideja platforme je, da bi lahko uporabniki na enem mestu:  \- odkrivali umetniška dela, razstave, dogodke in institucije  \- raziskovali umetnost prek zemljevida  \- spremljali umetnike, galerije, muzeje in kolektive  \- objavljali umetniška dela in zbirke  \- kasneje uporabljali tudi AR oznake, digitalne značke in skupnostne funkcije  Ne gre za klasično družbeno omrežje ali samo še en portfolio page. Bolj me zanima, ali je mogoče zgraditi odprto kulturno infrastrukturo, kjer se lahko ulica, galerija, arhiv in splet povežejo v en sistem.  Ker gradim na tem projektu res že nekaj časa, in počasi izgubljam stik z realnostjo, me predvsem zanima vaše iskreno mnenje:  Bi bila takšna platforma uporabna za slovenski prostor?  Bi jo uporabljali kot obiskovalci razstav, umetniki, študenti ali kulturni delavci?  Kaj bi bilo treba narediti, da ne bi ostala samo še ena “kulturna aplikacija”, ki jo ljudje enkrat odprejo in pozabijo?  Vse skupaj je še v alpha fazi razvoja, tako da bom zelo vesel tudi komentarjev o kakšnem bugu/izboljšavi.  Hvala.  \-link do mag: https://repozitorij.uni-lj.si/IzpisGradiva.php?id=162279","Slovenia","self.Slovenia"
"Kje je dr. Robert Golob?","Expensive_Special120","26","57","Apr 30, 2026, 09:15 AM","https://www.reddit.com/r/Slovenia/comments/1szouag/kje_je_dr_robert_golob/","Question ❔","Pred volitvami je rekel, da se ne bo umaknil in je vsak dan imel neke storije na FB/IG, zdej pa nic?  Kaj se je zgodilo?","Slovenia","self.Slovenia"
"""Nenavadni"" icki ali normalne stvari, ki vas pošteno razpiz....","Weekly_Spread_4127","136","174","Apr 29, 2026, 11:10 PM","https://www.reddit.com/r/Slovenia/comments/1szbs8s/nenavadni_icki_ali_normalne_stvari_ki_vas_pošteno/","Discussion 💬","Ne govorim o cmokanju pri južni ali srkanju kave, rad bi slišal za nenavadne stvari.  Bom začel jaz:   1.ko vidim nekoga, ki VEDNO hodi naokrog v pohodniških hlačah. Pride k meni na pijačo: pohodniške hlače. Ga srečam v btc-ju: pohodniške hlače. Ko gremo kam: pohodniške hlače. Si upam stavit, da je vsaj nekdo tu, ki na isto foro ne prenese trenirk ali pa tistih ohlaphnih 3x prevelikih hlač.  2. Ena in ista muska. ""Goveja lestvica štirih komadov"", ki se predvajajo povsod. Brajde, krava dala mlek, rožica, nemorm vode pit (ta komad sovražim z dna srca), ni važno ali sem na veselici, ali imamo piknik doma ali pri kom drugem, vedno ti štirje komadi na loopu. Zamenjat pač ne morem ker večina posluša to, se je parkrat zgodilo da sem se raje umaknil na samo za par minut kot pa da že četrtič poslušam traktor od majde.   Kaj pa vas zmoti pri ljudeh, česar se človek sploh ne bi zavedal, ker je zanj to normalno ali vsakdanje?","Slovenia","self.Slovenia"
"Rdeč avto","PingoSokec","154","5","Apr 29, 2026, 09:12 PM","https://www.reddit.com/r/Slovenia/comments/1sz8ji9/rdeč_avto/","Images & Video 📷","","Slovenia","i.redd.it"
"Gen-i zaposlitev","Significant_Fig_8862","5","10","Apr 30, 2026, 01:48 PM","https://www.reddit.com/r/Slovenia/comments/1sztrmh/geni_zaposlitev/","Question ❔","Ali je delal kdo na Gen-i? Realne izkušnje?  Odnosi, stabilnost, je velika fluktuacija zaposlenih in vodij? zakaj imajo vsake pol leta iste oglase za delo?  ","Slovenia","self.Slovenia"
"Predlog interventnega zakona zveni dobro, a zaposlenemu z 2.500€ bruto ne prinese praktično nič – zakaj?","Equal-Suspect-5273","112","128","Apr 29, 2026, 10:02 PM","https://www.reddit.com/r/Slovenia/comments/1sz9wml/predlog_interventnega_zakona_zveni_dobro_a/","Discussion 💬","Prebral sem predlog interventnega zakona tretjega bloka (april 2026) in naredil konkreten izračun za nekoga z 2.500 € bruto mesečno.  Rezultat? \~20 € mesečnega prihranka. Večinoma prek nižjega DDV na hrano.  Zakaj je to problem?  Zaposleni z 2.500 € bruto ima efektivno davčno obremenitev 35,5%. Od vsakega zasluženega evra mu ostane le 64 centov. To ni nagrajevanje dela – to je kaznovanje povprečnega delavca.  Predlog zakona res prinaša dobre stvari – nižje meje za normirance, ukinja absurdno 35% dohodninsko stopnjo za podjetnike – ampak zaposlenega z povprečno plačo ne dotakne.  Kaj bi res naredilo razliko za srednji sloj?  1.	Znižanje prispevkov delojemalca (23,1% → 20%) → +78 €/mes neto takoj  2.	Višja splošna olajšava (5.000 → 7.000 €) → +43 €/mes  3.	Znižanje 2. dohodninskega razreda (26% → 22%) → +28 €/mes  Skupaj bi to zaposlenemu z 2.500 € bruto prineslo \~150 € več neto mesečno – to je dejansko razbremenitev dela.  **Zakaj tega nobena stranka ne predlaga?**  Znižanje prispevkov “stane” proračun in pokojninski sistem – politično je težko prodati. Lažje je govoriti o normirancih in DDV, ki sta bolj vidna, a manj pomembna za 90% zaposlenih.  **Ali mislite, da je v Sloveniji politična volja za resnično razbremenitev povprečnega zaposlenega, ali se bo politika še naprej osredotočala na robne ukrepe?**","Slovenia","self.Slovenia"
"S fotografijo školjk naj bi grozil Trumpu, nekdanji šef FBI se je predal | 24ur.com","cyclingAudio","15","5","Apr 30, 2026, 08:22 AM","https://www.reddit.com/r/Slovenia/comments/1sznwoh/s_fotografijo_školjk_naj_bi_grozil_trumpu/","Article ✍️","Tako si desnica, polna ust o svobodi govora, predstavlja to svoboščino. Oni lahko vse, drugi dve številki s školjkami ne smejo napisati. Pride kmalu k nam, ne skrbite...","Slovenia","24ur.com"
"Ali je to dobra investicija?","twsiri","20","13","Apr 30, 2026, 07:06 AM","https://www.reddit.com/r/Slovenia/comments/1szmi67/ali_je_to_dobra_investicija/","Question ❔","Pozdravljeni  Imam glih toliko denarja 45000 garsonjera z balkonom.. v Prekmurju drugače zivim v Ljubljani delam za minimalca in mislim da bom kaj v Lj težko kupil še posebaj kjer sem oseba z posebnimi potrebami in imam določene omejitve.  Garosnjera mi je ok ne planiram delat družine .. V primeru da bi ostal brez službe v Ljubljani kdaj in dobil kakšno nadomestilo za invalidnost bi vsaj imel kje bit da ne plačam najemnine.. Ali prav razmišljam?","Slovenia","i.redd.it"
"Vsi ki ste volili za resnico ste glavni vzrok, da poteka razgradnja socialne drzave","dull_sense","283","288","Apr 29, 2026, 04:22 PM","https://www.reddit.com/r/Slovenia/comments/1sz0a89/vsi_ki_ste_volili_za_resnico_ste_glavni_vzrok_da/","Discussion 💬","To je to. Samo da veste, da ste #1 v tej idiokraciji, ki ji probajo rect vlada.","Slovenia","self.Slovenia"
"Klasičen ali pokončen (sesalec)?","Dull_Suggestion6703","2","20","Apr 30, 2026, 04:24 PM","https://www.reddit.com/r/Slovenia/comments/1szxktr/klasičen_ali_pokončen_sesalec/","Discussion 💬","Sem v procesu nabave novega sesalca, in ker (kot vsako stvar) spet ovethinkam celo zadevo, bi rad še vaših 5 centov. Kakšno vrsto uporabljate, in zakaj se vam zdi da so eni boljši od drugih? Uporabljal bi se v cca 50m2 velikem stanovanju, tla so ali parket ali linolej.","Slovenia","self.Slovenia"
"Kva je to za en bait?","Igyzone","6","29","Apr 30, 2026, 01:12 PM","https://www.reddit.com/r/Slovenia/comments/1szt0oh/kva_je_to_za_en_bait/","Question ❔","","Slovenia","i.redd.it"
"Dopust","iloggedintolikeurcom","10","1","Apr 30, 2026, 08:47 AM","https://www.reddit.com/r/Slovenia/comments/1szocp9/dopust/","Discussion 💬","","Slovenia",""
"katere drzave imajo lepse vreme kot Slovenija?","ananassymphonie1","6","33","Apr 30, 2026, 11:35 AM","https://www.reddit.com/r/Slovenia/comments/1szr8qx/katere_drzave_imajo_lepse_vreme_kot_slovenija/","Question ❔","Vsako pomlad, ko se zacne lepo vreme vidim koliko boljse se pocutim ko so temperature nad 20 stopinj, ko ni mrzlo, ko je sonce. Ko vidis ljudi zunaj kako so veliko bolj nasmejani kot ko je slabo vreme celo zimo in jesen.       Katere drzave pridejo v postev kjer je zivljenje enako drago oz. ceneje kot v SLO, ampak imajo boljse vreme pa soliden standard?","Slovenia","self.Slovenia"
"Dober učitelj kitare na obali","desuer13","2","1","Apr 30, 2026, 04:00 PM","https://www.reddit.com/r/Slovenia/comments/1szwxbo/dober_učitelj_kitare_na_obali/","Question ❔","Živjo,  a kdo pozna kakšnega dobrega učitelja kitare na obali?  Lp","Slovenia","self.Slovenia"
"Zakaj toliko ljudi tukaj namerno laže in zavaja o inflacijski statistiki?","optimistportal","48","61","Apr 29, 2026, 10:38 PM","https://www.reddit.com/r/Slovenia/comments/1szaxl0/zakaj_toliko_ljudi_tukaj_namerno_laže_in_zavaja_o/","Discussion 💬","Ravnokar sem še enkrat prebral že miljonkrat ponovljeni in popolnoma nepravilni komentar od reddit računov, ki neprestano komentirajo pod vsakim političnim ali gospodarskim postom da je Slovenska inflacija **ena najvišjih v Evropi** in da nam gre kot državi glede inflacije (in gospodarstva) grozno.  **Slovenija je 10. od 27 za NAJNIŽJO povprečno inflacijo v EU.** (VIR: Eurostat)  Slovenija ima povprečno inflacijo 2.4%  EU povprečje: 2.8%  (Hrvaška: 4.6%)  Torej imamo nižjo povprečno inflacijo od 17 drugih evropskih držav, imamo manj inflacije kot celo Nemčija (2.8%).   Od sosedov manj kot Hrvaška (4.6%), manj kot Avstrija (3.1%), nižjo od nas pa imajo na Madžarskem (2.1%) in Italijani z 1.6%, ki so na 5. mestu za najnižjo povprečno inflacijo v EU.  ___  Naslednje seveda ni možno 1:1 primerjati vendar še Američani imajo tarčo za željeno inflacijo okoli 2%, po zadnjih podatkih pa jo imajo 3.3%+, mi smo na 2.4%. Njihove centralne banke bi z veseljem imele tako nizko inflacijo in bi to videle kot velik uspeh njihove FED (Federal reserve).  Vedno bi lahko bilo boljše, vendar nam gre z (povprečno) inflacijo v Sloveniji super v primerjavi z več kot polovico ostalih EU držav.  ____  V vseh državah je ""resnična"" inflacija ponavadi višja od povprečne uradne inflacije, torej je še vedno v primerjavi z več kot polovico drugih EU držav tudi ""resnična"" inflacija višja od naše. Ampak če prebiraš komentarje pod katerikolim gospodarskim ali političnim postom smo v samem vrhu EU pri inflacijskem armagedonu kje se v Sloveniji ruši nebo.   Imaš veliko reddit računov ki vedno znova samozavestno komentarajo čisto lažne podatke o gospodarstvu non-stop. Da gre Sloveniji najslabše v evropi pri inflaciji in še v 1000x drugih zadevah, ki velikokrat ne držijo če gre človek dejansko pregledat statistiko. Vse problematike seveda niso rešene tudi pri nas, ampak v primerjavi z drugimi EU državami in EU povprečjem smo v veliko problematikah na boljšem kot veliko drugih EU držav.   V času ko lahko vse preveriš in prideš do številk in linkov do originalnih virov v 10 sekundah z googlom ali GPT-jem so taki komentarji samo zavajanje iz neumnosti ali zlonamernosti.    ___  Podatke lahko preverite sami: https://ec.europa.eu/eurostat/web/products-euro-indicators/w/2-16042026-ap","Slovenia","self.Slovenia"
"Rimska cesta s Prednjega robičja, Vršič","mmberg","219","9","Apr 29, 2026, 01:02 PM","https://www.reddit.com/r/Slovenia/comments/1syvhwr/rimska_cesta_s_prednjega_robičja_vršič/","Images & Video 📷","Fotografirano z astromodificiranim Nikonom Z6. Nebo je panorama narejena z Nikonom Z 50mm 1.8 S (skupno 60 fotografij ozrioma 20 fotografij na posamezno vrsto x 3 vrste, 30sec, ISO 800, F1.8 za posamezno fotografijo), pokrajina je pa fotografirana s Sigmo 28mm ART 1.4 (+ focus stacking, 1min na posamezno fotografijo). Podatki oz fotografije za vodik so bile narejene z Astronimik 12nm Ha filtrom, vse skupaj pa je bilo trackano z MSM Nomadom.","Slovenia","i.redd.it"
"19 bivših poslancev zaprosilo za nadomestilo: kdo bo dobil največ?","EducationDesigner189","35","22","Apr 29, 2026, 09:54 PM","https://www.reddit.com/r/Slovenia/comments/1sz9p5h/19_bivših_poslancev_zaprosilo_za_nadomestilo_kdo/","News 📰","UKZ 5200€ na mesec, 6 mesecev. Najvisje nadomestilo za brezposelnost je trenutno 1926€.  Dvajseti na seznamu je sicer še Jani Prednik, ki nadomestilo prejema že od oktobra, ko je odstopil. Odstopil in prejema nadomestilo, ce da delavec odpoved dobi kaj? Prst v rit.  Kordis medtem ze napoveduje, da v casu trajanja nadomestila seveda ne bo delal nic, samo drek mesal.  Kako lepo je biti pijavka v nasi drzavi. Kaj na to porece levica, ki je tako zelo ‘za delavca’?","Slovenia","24ur.com"
"Iščem app developerja","Acrobatic_Age_2724","1","10","Apr 30, 2026, 05:11 PM","https://www.reddit.com/r/Slovenia/comments/1szyvaw/iščem_app_developerja/","Question ❔","Je kdo tu, ki je app developer in ma še nekej prostega časa, da bi dokončal app in v prihodnje skrbel za razvoj/redesign/updates itd…  Ni zapletena zadeva. Rabim nekoga, ki bo posvečen projektu in ki ne bo odpisoval na 5 dni, update pa vlekel po 2 meseca - z minimalnim ali nicelnim napredkom…  Ponujam 30% Appa in 40% profita. Sem odprt tudi za drugacne pogoje, ce najdem good fit. Iscem nekoga, ki bi bil del zgodbe in ne samo one time fix.   Trenutno je app 95% done za IOS ampak od trenutnega developerja zelim odkupit delez/kodo in nadaljevat z drugim.   Zadeva ima precej demanda, neko malo mail bazo ampak vrjamm da pridem do 5k userjev v parih mescih.   Za marketing in growth je poskrbljeno, čaka se samo dokončan produkt. ","Slovenia","self.Slovenia"
"Desničarji hrepenijo po kavčih","owlexe23","0","8","Apr 30, 2026, 05:02 PM","https://www.reddit.com/r/Slovenia/comments/1szylr0/desničarji_hrepenijo_po_kavčih/","Images & Video 📷","Idiocracy je tu, slovenska politika na dnu.","Slovenia","v.redd.it"
"Pocasi.si","andrayx","34","12","Apr 29, 2026, 08:49 PM","https://www.reddit.com/r/Slovenia/comments/1sz7vup/pocasisi/","Website 🌐","Trenutni aktualni potovalni časi na glavnih slovenskih avtocestnih relacijah.   [https://pocasi.si/](https://pocasi.si/)  https://preview.redd.it/wmklvjt0e6yg1.png?width=1329&format=png&auto=webp&s=02437344cd45fe93a81618088e0a65af31842668  ","Slovenia","self.Slovenia"
"Vega Ljubljana (optical manufacturer) - does anyone know more about it?","simplejoycreative","1","7","Apr 30, 2026, 03:55 PM","https://www.reddit.com/r/Slovenia/comments/1szwswb/vega_ljubljana_optical_manufacturer_does_anyone/","Question ❔","Hello,  I've been doing some research into historic lens manufacturers from Europe and started to assemble a list of them. Someone online made me aware of a Slovenian manufacturer of optical products, named  **Vega Ljubljana**  As far as I know they made slide projectors, but also manufactured lenses for both slide and cine projection purposes, as well as epi-diascopes and similar projectors for educational purposes. Unfortunately I haven't been able to find a lot of substantial information about the company and, at least so far, also no catalogs, ads etc. which is quite unusual.  Perhaps my lack of knowledge of Slovenian is making it more of a challenge and of course it's also possible that the company's output was too small to create much of a lasting impact... but I still find it very interesting and would love to know more about it.  **That's why I wanted to ask, if someone here does know more about the optical manufacturer Vega Ljubljana and can perhaps share some links or scans of material about it?**   I would really appreciate it!","Slovenia","self.Slovenia"
"Miren Hrvaški otoki za poletni chill dopust?","Moderately-Spiced","10","48","Apr 30, 2026, 02:50 AM","https://www.reddit.com/r/Slovenia/comments/1szh3ve/miren_hrvaški_otoki_za_poletni_chill_dopust/","Question ❔","Letos poleti si želim z mojo preživeti ene 10dni nekje sredi Jadrana, na mirnem otoku kjer se ne dogaja veliko, tudi če ni več kot dveh restavracij in če se ne more priti z avtom na otok.  Pomembno je:  * da je dostop dokaj normalen (predvidevam, da če vozi Jadrolinija je to že masovno obiskano?). * Chill dnevni ritem (zajtrk, morje, snorklanje, izležavanje in preživljanje quality časa drug z drugim) * Da je kaka dobra lokalna konoba, kjer se lahko dobro jé dnevni ulov * Super bi bilo, če je kak del otoka tudi mivkast  Kaj predlagate? Sva par v zgodnjih 30ih.  P.S. Gledam, da obstaja kar nekaj ponudbe t.i. Robinzonskega turizma. Vseeno bi rad imel določen commodity kot je topel tuš, lep apartma/soba, tako da to verjetno ne pride v poštev ali?","Slovenia","self.Slovenia"
"Ali boste najemodajalci znižali najemnine, zdaj ko bo davek 15 oz. 5 %?","PinkoPobalinko","46","80","Apr 29, 2026, 06:37 PM","https://www.reddit.com/r/Slovenia/comments/1sz42uv/ali_boste_najemodajalci_znižali_najemnine_zdaj_ko/","Question ❔","Če bo interventni zakon, ki so ga predlagali v Nsi, Resnici in Demokratih sprejet, bo ena od sprememb tudi ta, da se bo davek od oddajanja premoženja v najem (npr. oddajanje stanovanja v najem) znižal s 25 % na 15 %, za mlade družine pa celo na 5 %. Predlog zakona: [https://nsi.si/wp-content/uploads/2026/04/100426\_Predlog-zakona-o-interventnih-ukrepih-za-razvoj-Slovenije.pdf](https://nsi.si/wp-content/uploads/2026/04/100426_Predlog-zakona-o-interventnih-ukrepih-za-razvoj-Slovenije.pdf)  Predlagatelji trdijo, da bo to ugodno vplivalo na višino najemnin v Sloveniji tako, da bodo po tem najemnine nižje. Prav tako sem pogosto slišal najemodajalce, da je davek eden od glavnih razlogov za višino najemnine.   Moje vprašanje za najemodajalce torej je, če boste zdaj, ko bo davek nižji, najemnine znižali?  ","Slovenia","self.Slovenia"
"Stevo reče bobu bob","Deep_Celery2162","26","54","Apr 29, 2026, 08:55 PM","https://www.reddit.com/r/Slovenia/comments/1sz82bh/stevo_reče_bobu_bob/","Politični jazjaz 🤡","Nekdo je pač moral reči Alenki Bratušek kar ji gre, da menja stranke kot sezonske obleke. 😄 Bravo Stevo.","Slovenia","i.redd.it"
"Spor med koprsko občino in civilno iniciativo zaradi gradnje dvigala na Markovec","owlexe23","1","15","Apr 30, 2026, 01:40 PM","https://www.reddit.com/r/Slovenia/comments/1sztm80/spor_med_koprsko_občino_in_civilno_iniciativo/","News 📰","Koprska mestna občina je pridobila pravnomočno gradbeno dovoljenje za gradnjo dvigala na Markovec in išče izvajalca za desetmilijonski projekt, ki ga bodo sofinancirali z evropskimi sredstvi, so potrdili za STA. Gradnji ostro nasprotuje civilna iniciativa Stolp stop!, ki svari pred hudim posegom v naravo in potrato javnega denarja.","Slovenia","dnevnik.si"
"Ljubljanske mlekarne - zaposlitev","Pppooollliiinnnaaa","1","2","Apr 30, 2026, 01:40 PM","https://www.reddit.com/r/Slovenia/comments/1sztlpl/ljubljanske_mlekarne_zaposlitev/","Question ❔","Dela kdo ali pa je kdaj delal v Lj mlekarnah, v upravi? Odnosi, vzdušje, (pre)obremenjenost / nadure? ","Slovenia","self.Slovenia"
"Indijski trpotec (Psyllium Husk)","PineappleResident254","3","5","Apr 30, 2026, 09:21 AM","https://www.reddit.com/r/Slovenia/comments/1szoy6l/indijski_trpotec_psyllium_husk/","Question ❔","Če imamo tukaj koga, ki ga redno uporablja, me zanima, kje oz. od katere znamke ga kupujete.  Predvsem mi je pomembno, da:  1. Je third-party tested, saj lahko vsebuje težke kovine.  2. Je večje pakiranje, recimo 500 g ali 1 kg. Ker tiste vrečke po 100 g so premalo.","Slovenia","self.Slovenia"
"Lektoriranje diplomske naloge","notheragain123456","0","11","Apr 30, 2026, 01:01 PM","https://www.reddit.com/r/Slovenia/comments/1szssta/lektoriranje_diplomske_naloge/","Discussion 💬","Pozdravljeni Slovenci  Jaz sem poslala povpraševanje za lektoriranje moje diplomske naloge pa me zanima kako naj se odločim med lektorji? Vsi trije so mi dali quote in ne vem kako da se odlocim","Slovenia","self.Slovenia"
"Desnica niža davke za bogate.","Wise-One1342","188","458","Apr 29, 2026, 08:01 AM","https://www.reddit.com/r/Slovenia/comments/1syq6eq/desnica_niža_davke_za_bogate/","Images & Video 📷","","Slovenia","reddit.com"
"Spar sendvič štručke","allinonekiller","11","6","Apr 29, 2026, 11:18 PM","https://www.reddit.com/r/Slovenia/comments/1szbzbj/spar_sendvič_štručke/","Discussion 💬","Odkar je bil požar v sparovem skladišču ni več na voljo sendvič štručk. Jaz jih zelo pogrešam ker je bil to res najboljši kruh za sendviče. Opazil sem sicer da imajo nek nov kruh pod to oznako ampak ni niti približek temu kakršne so bile prej.   Ima kdo kakšen insider info glede tega ali se bodo vrnile?  Ali pa če ste našli podobne štručke kje drugje? ","Slovenia","self.Slovenia"
"Avto za veliko družino","Rare-Conversation843","42","87","Apr 29, 2026, 03:28 PM","https://www.reddit.com/r/Slovenia/comments/1syytuo/avto_za_veliko_družino/","Question ❔","S partnerko sva bila v veselem pričakovanju 3 otroka in sva se zapiknila v kakšnega Vv Sharana ali Seat Alhambro.   Ampak, ker se usoda rada poigra, pričakujemo dvojčke.   Kakšen avto priporočate za 4 otroke? Najstarejši bo star 5 let, ko bomo rabili nov avto.   Verjetno Sharan/Alhambra ne pridejo v poštev. Pomoje je pomembno, da bo čim lažji dostop do zadnje vrste.  Kombi? Izgubljen sem.  Prosim za vaše predloge, do 20K€.  Hvala","Slovenia","self.Slovenia"
"Ministrstva za Demokrate, NSi","luka274","55","84","Apr 29, 2026, 01:14 PM","https://www.reddit.com/r/Slovenia/comments/1syvr0m/ministrstva_za_demokrate_nsi/","Images & Video 📷","","Slovenia","i.redd.it"
"Izbira monobloka, scoop","JasminZo","2","2","Apr 30, 2026, 07:03 AM","https://www.reddit.com/r/Slovenia/comments/1szmg7y/izbira_monobloka_scoop/","Discussion 💬","Rad bi zamenjal kamin na pelete za monoblok toplotno crpalko. Oziroma kamin bi tudi obdrzal. Kurilnice ni, tako da split sistem odpade.  Imam eno prosto mesto za radiator, kolikor sem bral, se lahko tam priklopi monoblok. Elektrika je pa tudi blizu. Imam trofazni tok.  Imam 2x 60 m2 hisko na 250 nadmorske visine v Posavju, fasade 15 cm, med sperovci 15 cm volne. Okna dvoslojna, izolirane talne plosce pa nimam (stara gradnja). Hisa je na soncni strani cel dan.  Gretje preko radiatorjev, standard 10 cm x 60 cm (g x v), sirine pa so: - kuhinja 2x 80 cm, 30 m2 - kopalnica 90 cm, 4 m2 - otroska soba 100 cm, 20 m2 - spalnica 120 cm, 25 m2 - kopalnica 100 cm, 5 m2   Prostori so odprti, vrata samo na kopalnicah.   V dnevni sobi je trenutno kamin, tu lahko dam se en radiator in prebijemo steno na ven, za monoblok. Ce obstajajo taksni fitingi ki omogocajo oboje, ker bom kamin verjetno pustil notri.  Kamin je 20 kW, ko se zagreje v eni uri, vzdrzuje toploto na minimum moci, 8 kW. Zato sklepam, da bi bila 8 kW toplotna cisto dovolj, ali pa celo 6 kW. Glede na to da dela ves cas, kamin je pa v najvecji zimi delal cca 8-10 ur na dan.     Kaksno velikost priporocate oziroma imate vi za podobno situacijo? Na koliko stopinj grejete? Katero znamko priporocate? Je temperatura vode 35 stopinj dovolj za gretje taksne hiske, ali je potrebno greti na 45, 50 stopinj? Sprasujem zato, ker so pri visjih temperaturah kar velike razlike med firmami, na 35 stopinj pa bolj kot ne iste.   Glede na to da smo na tech forumu, seveda lovim malce visjo ucinkovitost, optimizacijo, visok scoop...","Slovenia","self.Slovenia"
"Staro Orodje Zreče","F-21","78","28","Apr 29, 2026, 10:50 AM","https://www.reddit.com/r/Slovenia/comments/1syt506/staro_orodje_zreče/","Images & Video 📷","","Slovenia","i.redd.it"
"darilo ob koncu faksa","FuzzyAssist3846","21","39","Apr 29, 2026, 05:41 PM","https://www.reddit.com/r/Slovenia/comments/1sz2hw3/darilo_ob_koncu_faksa/","Question ❔","kolegica in njen fant oba zakljucita faks letos in imata namen naredit neko festo. js pa ne vem kaj naj dam za darilo, da ne pridem praznih rok. plus kar nekaj kolegic bo kmalu koncalo studij in me zanima ali ima kdo kak predlog kaj podariti ob tem, da je mal bol izvirno.","Slovenia","self.Slovenia"
"Annual inflation in the euro area","2_bars_of_wifi","15","10","Apr 29, 2026, 07:22 PM","https://www.reddit.com/r/Slovenia/comments/1sz5cwm/annual_inflation_in_the_euro_area/","Images & Video 📷","","Slovenia","i.redd.it"
"2026.04.24 - Rakov Skocjan","Ok-Subject2534","21","5","Apr 29, 2026, 05:47 PM","https://www.reddit.com/r/Slovenia/comments/1sz2o96/20260424_rakov_skocjan/","Images & Video 📷","Par videjev skup vrzenih iz pol-dnevnega izleta, malo za razvedrilo med vso politiko.  PS: A ni fajn ko kocno malo dezuje, jaz sem prou pogresala dreamy rainy days.","Slovenia","youtu.be"
"Petrol spet zavrnil vladni predlog za revizijo poslovanja","owlexe23","13","13","Apr 29, 2026, 06:49 PM","https://www.reddit.com/r/Slovenia/comments/1sz4ek3/petrol_spet_zavrnil_vladni_predlog_za_revizijo/","News 📰","Družba Petrol je znova zavrnila zahtevo Slovenskega državnega holdinga in države za odločanje skupščine delničarjev o izvedbi niza posebnih revizij poslovanja podjetja. SDH želi preveriti oskrbo servisov in poslovanje s skupino Perspektiva FT.","Slovenia","rtvslo.si"
"KAVČ POLITIKA","Wise-One1342","47","158","Apr 29, 2026, 11:58 AM","https://www.reddit.com/r/Slovenia/comments/1syubbf/kavč_politika/","Images & Video 📷","Nataša ni navajena, da ima UKZ na svoji strani. 🤡","Slovenia","reddit.com"
"One of my favorite Slovenians. I have a lot of them on that list.","gratusin","173","14","Apr 29, 2026, 04:23 AM","https://www.reddit.com/r/Slovenia/comments/1sylrk3/one_of_my_favorite_slovenians_i_have_a_lot_of/","Images & Video 📷","As classy as it gets. Thank you Slovenia for loaning us one of the greats.","Slovenia","v.redd.it"
"Kaj dogaja na Rakovi Jelsi?","slogoldfish","6","6","Apr 29, 2026, 07:44 PM","https://www.reddit.com/r/Slovenia/comments/1sz5zyi/kaj_dogaja_na_rakovi_jelsi/","Question ❔","Pouhno policajev, pa nikjer nic informacij","Slovenia","self.Slovenia"
"Ponudba za delo na elektro vzdrževanju v Sloveniji 1200 € neto z nočnim delom, izkušnje?","fightorflight3408","5","30","Apr 29, 2026, 10:45 PM","https://www.reddit.com/r/Slovenia/comments/1szb3zu/ponudba_za_delo_na_elektro_vzdrževanju_v/","Discussion 💬","Pozdravljeni,  selim se v Slovenijo, ker je moja žena dobila zaposlitev kot zdravnica in specializacijo, zato tudi sam iščem delo v svoji stroki.  Prejel sem ponudbo za delo na elektro vzdrževanju, kjer se opravlja tudi nočno delo, skupna neto plača pa je 1200 €.  Imam približno 10 let izkušenj kot električar, zato bi rad slišal mnenja ljudi, ki delajo v Sloveniji ali na podobnih delovnih mestih:  Ali je ta plača običajna za elektro vzdrževanje z nočnimi izmenami?  Kakšni so dejanski delovni pogoji (izmene, obremenitev, dodatki)?  Vsak komentar ali izkušnja mi veliko pomeni, saj šele vstopam na slovenski trg dela.","Slovenia","self.Slovenia"
"Pozanimal malo več o šolah na Gorenjskem","BridgeOk6104","12","2","Apr 29, 2026, 04:46 PM","https://www.reddit.com/r/Slovenia/comments/1sz0y4j/pozanimal_malo_več_o_šolah_na_gorenjskem/","Discussion 💬","Ker smo pred kratkim skupaj rešili uganko, iz katerih šol na Gorenjskem so bile tiste stare slike, sem se malo poglobil še naprej iz čiste radovednosti. Zanimalo me je predvsem, kakšne so te šole danes in kdo jih je sploh načrtoval.  Po raziskovanju sem ugotovil, da je bil arhitekt Emil Navinšek, ki je precej znan po svojih “brezkoridornih” šolah – torej takih, kjer ni klasičnih dolgih hodnikov, ampak so prostori povezani z velikimi centralnimi avlami. Ideja je bila takrat kar moderna, ker so šole delovale bolj odprto in povezano. (vir: Wikipedia)  Ker se mi je zdelo zanimivo, sem zbral še seznam njegovih objektov – mogoče bo še komu koristilo ali pa bo kdo prepoznal kakšno šolo iz svojega kraja:  Gimnazija Bežigrad, Ljubljana (1936)  Osnovna šola Janeza Puharja – Center, Kranj (1938)  Osnovna šola Maksa Pečarja, Ljubljana (1938)  Podružnična osnovna šola Lučine (1939)  II. gimnazija Maribor (1939)  Osnovna šola Polje, Ljubljana (1957)  Osnovna šola Majde Vrhovnik, Ljubljana (1958)  Srednja gradbena šola Kranj (1958)  Osnovna šola Hinka Smrekarja, Ljubljana (1959)  Osnovna šola Savsko naselje, Ljubljana (1959)  Osnovna šola Hudinja, Celje (1959)  Osnovna šola Šmarje–Sap (1959)  Delavski dom Zagorje ob Savi (1960)  Osnovna šola Toneta Čufarja, Ljubljana (1961)  Osnovna šola Staneta Žagarja, Kranj (1961)  Osnovna šola Hoče, Maribor (1961)  Osnovna šola Ketteja in Murna, Ljubljana (1961)  Osnovna šola Danile Kumar, Ljubljana (1961)  Osnovna šola Ivana Cankarja, Vrhnika (1961)  Osnovna šola IV, Celje (1962)  Osnovna šola Trnovo, Ljubljana (1962)  Osnovna šola Vodmat, Ljubljana (1962)  Osnovna šola Vodice (1963)  Osnovna šola Dragotina Ketteja, Ilirska Bistrica (1963)  Osnovna šola Deskle, Kanal ob Soči (1963)  Osnovna šola Oskarja Kovačiča, Ljubljana (1963)  Osnovna šola Riharda Jakopiča (Na jami), Ljubljana (1963)  Osnovna šola Frana Albrehta, Kamnik (1963–2025)  Osnovna šola Šmartno pri Litiji (1964)  Osnovna šola Šenčur (1964)  Osnovna šola Jožeta Moškriča, Ljubljana (1964)  Osnovna šola Cerknica (1964)  CIK Trebnje (1965)  Osnovna šola Bičevje, Ljubljana (1966)  Osnovna šola Matije Valjavca, Preddvor (1966)  Osnovna šola Ivana Roba, Šempeter pri Gorici (1966)  Osnovna šola Davorina Jenka, Cerklje na Gorenjskem (1966)  Osnovna šola Simona Jenka, Smlednik (1967)  Osnovna šola Metlika (1967)","Slovenia","self.Slovenia"
"Gen-i pametna samooskrba","Great-Definition-804","5","3","Apr 29, 2026, 09:11 PM","https://www.reddit.com/r/Slovenia/comments/1sz8irn/geni_pametna_samooskrba/","Question ❔","Zdravo,  Zanima me ce se je kdo tukej odlocu za nakup oz investicijo v soncne celice preko Gen-i in sicer paket pametna samooskrba , razmisljam o investiciji in nekako se mi zdi trenutni paket ugoden ze samo iz vidika brezobrestnega odplacevanja na 5 7 ali 10 let  Pa me samo zanima ce je kdo tukaj se odlocil za ta paket in kako je zadovoljen s samim iskoristkom soncne elektrarne itd.   Lp","Slovenia","self.Slovenia"
"Ideja za prvomajski izlet -  voden ogled jame pod Babjim zobom (brezplačno)","slovenianpanda","46","2","Apr 29, 2026, 09:59 AM","https://www.reddit.com/r/Slovenia/comments/1sysaf3/ideja_za_prvomajski_izlet_voden_ogled_jame_pod/","Discussion 💬","Če ti prvomajski plan še vedno visi nekje med *""bom doma na kavču""* in *""mogoče pa res kam grem""*, je tole kar solidna opcija: **brezplačen ogled jame pod Babjim zobom**.  Vse info najdeš tu:   [https://www.bled.si/sl/prireditve/44%20-tradicionalni-prvomajski-pohod-v-jamo-pod-babjim-zobom/](https://www.bled.si/sl/prireditve/44%20-tradicionalni-prvomajski-pohod-v-jamo-pod-babjim-zobom/)  Če imate še kakšne dobre predloge za prvomajske izlete, jih kar prilepite v komentarje 😄  https://preview.redd.it/k8atw8pf53yg1.jpg?width=960&format=pjpg&auto=webp&s=cea50004645e4f6c623c5e010502824daae69bbf  ","Slovenia","self.Slovenia"
"Kresovanje","barleyInconvenient","3","11","Apr 29, 2026, 09:46 PM","https://www.reddit.com/r/Slovenia/comments/1sz9hhr/kresovanje/","Question ❔","ali hodite na kresovanje? in če, kam?  lep lp","Slovenia","self.Slovenia"
"Ali imamo tukaj kakšnega gls kurirja?","QuarterExcellent6464","5","1","Apr 29, 2026, 07:58 PM","https://www.reddit.com/r/Slovenia/comments/1sz6e3i/ali_imamo_tukaj_kakšnega_gls_kurirja/","Question ❔","Pozdrav Redditorci!   Ali je med nami kakšen gls kurir?   Imam eno vprašanje in bi bila zelo hvaležna za odziv!","Slovenia","self.Slovenia"
"Okay, confess. Which one of you is the evil genius?","_DepletedCranium_","245","31","Apr 28, 2026, 09:35 PM","https://www.reddit.com/r/Slovenia/comments/1sybrlm/okay_confess_which_one_of_you_is_the_evil_genius/","Images & Video 📷","Seen in Goriza  EDIT: It's not AI. I cropped the picture and used Magic Eraser to remove the van's license plate and the takeaway's name. ","Slovenia","i.redd.it"
"O Janševi vladi se ne pogajajo, bodo pa potrjevali SDS-ov zakon o vladi","owlexe23","16","74","Apr 29, 2026, 12:15 PM","https://www.reddit.com/r/Slovenia/comments/1syumio/o_janševi_vladi_se_ne_pogajajo_bodo_pa_potrjevali/","News 📰","Janez Janša iz SDS pravi, da pogajanja o desnosredinski koaliciji še ne potekajo, a hkrati bodo poslanci danes po hitrem postopku sprejemali njihov predlog zakona o vladi, ki krči število ministrstev s sedanjih 19 na 14. Izhodišča za pogajanja naj bi pošiljali šele po potrditvi zakona. To je uradna verzija, neuradno pa usklajevanja potekajo s polno paro.","Slovenia","dnevnik.si"
"Darilo za prvo obhajilo","Avalon1489999","3","19","Apr 29, 2026, 07:35 PM","https://www.reddit.com/r/Slovenia/comments/1sz5q4d/darilo_za_prvo_obhajilo/","Question ❔","Na pomoooooč😊 Jaz sem tok out, nimam pojma, kaj se kupi za prvo obhajilo. Zdaj pa sva z možem povabljena na ceremonijo za sorodnikovega sina in kaj naj mu podariva? ","Slovenia","self.Slovenia"
"To je to fantje. Končno sem dobil roke na SDS faznbrieferju","Budvak","200","49","Apr 28, 2026, 09:55 PM","https://www.reddit.com/r/Slovenia/comments/1sycba1/to_je_to_fantje_končno_sem_dobil_roke_na_sds/","Images & Video 📷","","Slovenia","i.redd.it"
"Najdu 2 sliki šol morda kdo ve kere so na sliki","BridgeOk6104","22","9","Apr 29, 2026, 09:39 AM","https://www.reddit.com/r/Slovenia/comments/1syrxzd/najdu_2_sliki_šol_morda_kdo_ve_kere_so_na_sliki/","Question ❔","Najdu 2 sliki na podstresju mislim da je izrezano iz česopisa nisem siguren šol morda kdo ve kere so na sliki","Slovenia","reddit.com"
"Za nadomestilo zaprosilo 19 bivših poslancev","Haunting-Remove9397","0","11","Apr 30, 2026, 08:20 AM","https://www.reddit.com/r/Slovenia/comments/1sznvfo/za_nadomestilo_zaprosilo_19_bivših_poslancev/","Article ✍️","Za nadomestilo zaprosilo 19 bivših poslancev, največ bo dobila Klakočar Zupančič https://siol.net/novice/slovenija/za-nadomestilo-zaprosilo-19-bivsih-poslancev-690434  Najbolj je pa vesel Kordiš 🤡 😹","Slovenia","self.Slovenia"
"Razkrivamo: to je načrt Bitenca in Beović za demontažo Golobove reforme","owlexe23","26","92","Apr 29, 2026, 08:37 AM","https://www.reddit.com/r/Slovenia/comments/1syqtpv/razkrivamo_to_je_načrt_bitenca_in_beović_za/","News 📰","Bolnišnice ne bodo več javni zavodi, ampak podjetja. Javna zdravstvena blagajna bo neomejeno financirala operacije in posege tudi v zasebnih klinikah. Zdravniki pa bi imeli popolno svobodo pri tem, za koga bodo delali.","Slovenia","necenzurirano.si"
"Kranjska iskrica izkušnje","a_good_byte","11","8","Apr 29, 2026, 12:31 PM","https://www.reddit.com/r/Slovenia/comments/1syuwzt/kranjska_iskrica_izkušnje/","Question ❔","Je kdo tukaj kupil stanovanje v Kranjski iskrici?  Če da, kakšne so vaše izkušnje, od komunikacije, podpisa pogodb, dogovorov, primopredaje, prilagoditev prostorov in opreme, in navsezadnje ali ste se že vselili, kako se vam zdi izvedba?  Kako potekajo morebitne reklamacije, popravila?  Vem, da so se eni pritoževali, da je bilo zapleteno dobiti odobritev, da se gre pomeriti stanovanje (zarad pohištva), da so zahtevali plačilo, pa je bilo na voljo 1 ura ali nekaj takega.  Opažam tudi, da imajo veliko enih betonskih kock z ventilacijskimi loputkami, kar domnevam, da je ventilacija podzemne garaže. A je to ful moteče, in kako vpliva na kakovost zraka?  Hvala vnaprej za morebitne odgovore.","Slovenia","self.Slovenia"
"Maribor za mlade – kaj nam manjka?","Equal-Suspect-5273","3","5","Apr 29, 2026, 05:13 PM","https://www.reddit.com/r/Slovenia/comments/1sz1ppp/maribor_za_mlade_kaj_nam_manjka/","Discussion 💬","","Slovenia",""
"Izglasovan zakon o vladi","Wise-One1342","93","147","Apr 28, 2026, 11:45 PM","https://www.reddit.com/r/Slovenia/comments/1syfbp4/izglasovan_zakon_o_vladi/","Images & Video 📷","","Slovenia","reddit.com"
"ODVISNOST OD IGER NA SREČO","tromotorni","14","49","Apr 29, 2026, 09:14 AM","https://www.reddit.com/r/Slovenia/comments/1syri77/odvisnost_od_iger_na_srečo/","Question ❔","Delam mini raziskavico. Gamblanje je postalo tako zelo razširjeno, da je že zelo žalostno. Komaj polnoletni, grejo med glavnimi odmori v kazino. Online gambling, vsak tretji mladenič/mladenka, ki ga/jo vidim, med drugimi tudi ob 14h popoldne na lokalnem avtobusu, vrti slote na telefonu. Oglaševano in pozitivno promovirano je nenormalno. Tudi sam sem bil v tem poslu in res ni lepo gledat zombijev-mame, ki jih otroci doma čakajo-več kot 24ur za istim avtomatom. Mnenja?  EDIT: Objava je butasto postavljena, vem. V anketi sprašujem samo o razširjenosti igranja, ne o odvisnosti. O odvisnosti samo odpiram debato. Se opravičujem za zmedenost!   [View Poll](https://www.reddit.com/poll/1syri77)","Slovenia","self.Slovenia"
"Platforme za povezovanje mladih","uncommon-daisy","4","5","Apr 29, 2026, 02:51 PM","https://www.reddit.com/r/Slovenia/comments/1syxx3y/platforme_za_povezovanje_mladih/","Question ❔","Pozna kdo kakšne platforme, ki bi omogočale mladim/študentom, da bi se povezali z namenom skupnega potovanja? Veliko mladih bi verjetno rado raziskalo svet ampak nimajo dovolj prijateljev, s katerimi bi to lahko počeli (zaradi denarnih razlogov, premalo prostega časa, pomanjkanja interesa,...) Mislim, da bi blo kar kul, če bi obstajal kakšen community.","Slovenia","self.Slovenia"
"Linkin park koncert na Dunaju","General-Royal","10","17","Apr 29, 2026, 09:46 AM","https://www.reddit.com/r/Slovenia/comments/1sys1x0/linkin_park_koncert_na_dunaju/","Question ❔","Me zanima če kdo gre 9.6 in kako boste šli? Jaz premišljujem z avtom, ampak ne vem kje parkirat. Če ima kdo kakšen nasvet?","Slovenia","self.Slovenia"
"Casino.si reklama na kanalu A??!","PineappleResident254","85","16","Apr 28, 2026, 10:05 PM","https://www.reddit.com/r/Slovenia/comments/1sycm39/casinosi_reklama_na_kanalu_a/","Discussion 💬","Halo? Kam smo prišli? Kazino se oglašuje na televiziji? What the actual fuck.  Edit: Noro dobra tekma, drugače.","Slovenia","self.Slovenia"
"Avatrade - prevara?","GwrMov3","4","7","Apr 29, 2026, 12:33 PM","https://www.reddit.com/r/Slovenia/comments/1syuyc0/avatrade_prevara/","Question ❔","Včeraj dopoldne me kliče nekdo iz skrite številke in se predstavi kot predstavnica iz podjetja Avatrade.  Nagovori me, da so opazili, da moj račun ni dejaven in želela od mene privolitev, kaj bi s svojimz računom naredil.   Ker mi je bilo vse skupaj sumljivo, ker, zakaj bi nekdo sploh klical iz skrite številke, če nebi imel slabih namenov, sem jo začel malo bolj spraševati za kaj se gre in na čigav ime je odprt račun (ker računa na tej platformi sploh nimam). Je rekla, da so oni samo posredniki in neki mutili, da sploh nimajo mojih podatkov in da je računa vezan na telefonsko številko. Sem jo vprašal od kje sploh imajo mojo telefonsko in je rekla, da iz neke baze. Ker sem jo veliko spraševal je potem takoj prešla na bistvo, da, če sem za to, da me znova pokličejo, da se dogovorimo za dokončno odločitev glede mojega računa. Sem rekel, da ni problema, samo naj se ne skrivajo za zasebno številko. In je potem po hitrem postopku rekla ""hvala lepa in adijo"".  Cel pogovor je izgledal zelo čudno, kot, da bi se pogovarjal z robotom. Govorila je v dokaj ok Slovenščini, ampak brez kakršnihkoli čustev, a hkrati pa tudi se ni slišalo, da bi bil govor robotski oz. sintetični. Ko sem ji odgovoril je vedno trajalo par sekund, da je sploh odgovorila.  Je imel morda še kdo podobno izkušnjo in za kaj točno se gre?  Sem pogooglal njihovo spletno stran in izgleda na prvi pogled legitimna, nisem se pa kaj preveč poglabljal o njeni verodostojnosti.","Slovenia","self.Slovenia"
"Mango radler","Express-Extension549","6","17","Apr 29, 2026, 10:23 AM","https://www.reddit.com/r/Slovenia/comments/1sysooo/mango_radler/","Question ❔","Zakaj v nobeni trgovini ni Union mango radlerja? ","Slovenia","self.Slovenia"
"Kres na Rožniku?","anna00823","1","3","Apr 29, 2026, 07:37 PM","https://www.reddit.com/r/Slovenia/comments/1sz5smi/kres_na_rožniku/","Question ❔","","Slovenia",""
"Vw 1.5 TSI veliki servis","Loose-Class3239","5","10","Apr 29, 2026, 11:56 AM","https://www.reddit.com/r/Slovenia/comments/1syu9yc/vw_15_tsi_veliki_servis/","Discussion 💬","Kdaj ste ali boste delali velik servis na teh motorjih?","Slovenia","self.Slovenia"
"Odprta kuhna - An American Tourist Loves this Food Festival","Wheres-My-Map","0","10","Apr 29, 2026, 05:22 PM","https://www.reddit.com/r/Slovenia/comments/1sz1y6f/odprta_kuhna_an_american_tourist_loves_this_food/","Images & Video 📷","\#slovenia u/ljubljana  \#lju #foodfestival #Odprtakuhna #Openkitchen  \#europe #travel  #visitljubljana u/visitljubljana  \#ljubljana u/slovenia  ","Slovenia","youtu.be"
"Ali je Zvijezda menjala recept za majonezo?","jenkor","0","20","Apr 29, 2026, 05:18 PM","https://www.reddit.com/r/Slovenia/comments/1sz1tyy/ali_je_zvijezda_menjala_recept_za_majonezo/","Question ❔","Ne vem ali je nekaj narobe z majonezo katero sem ravnokar odprl ali pa so menjali recept. ","Slovenia","self.Slovenia"
"Prijatelji","Relevant-Minimum6113","27","6","Apr 28, 2026, 09:02 PM","https://www.reddit.com/r/Slovenia/comments/1syaug9/prijatelji/","Discussion 💬","Kdo iz štajerskega konca, ki rabi nove frende? Realno rabim kaki novi krog prijateljev.  Imam težavo v real lajfu spoznavat nove ljudi, zato iščem tukaj 🥲✌️. Dobrodošli ste vsi punce, fanti…  (Babnca sem ) Stara sem 18, rada hodim na izlete, furanje z avtom…","Slovenia","self.Slovenia"
"Kaj narediti sam s sabo, ko se noben ne želi/ nima časa družiti s tabo?","QuarterExcellent6464","56","112","Apr 28, 2026, 04:33 PM","https://www.reddit.com/r/Slovenia/comments/1sy3615/kaj_narediti_sam_s_sabo_ko_se_noben_ne_želi_nima/","Question ❔","Zadnji teden sem si vzela fraj od predavanj na faksu in šihta. En teden sem bila doma in delala za faks (seminarske, ppt, eseji,…). Ta teden se nisem družila z ljudmi, ker sem res želela čim več narediti za faks (čeprav mi noben vmes ni pisal, da bi se družil z mano).  Vglavnem ta teden se s kolegico zmenim za kavo in me eno uro prej skensla, ker je utrujena. Ne morem bit jezna na njo, ampak res sem se želela družit po enem tednu samote.  Druga frendica nima časa, ker ima druge obveznosti.  Moje vprašanje je: kaj naj si začnem sama s sabo, ko se počutim zelo zagreto za socializacijo, pa vendar nimam nobenega, ki bi se družil?  Za faks sem naredila že vse, brala knjige, igrala igrice, menjala posteljnino, na vinted sem dala že vse stare cunje… ampak jaz bi šla ven z ljudmi (ne party, ampak kava in klepet kind of druženje)  Hvala!","Slovenia","self.Slovenia"
"Mnenje na Georgism?","Gegolego","1","13","Apr 29, 2026, 01:19 PM","https://www.reddit.com/r/Slovenia/comments/1syvuf1/mnenje_na_georgism/","Discussion 💬","Me samo zanima če se kdo spozna na georgism in kaj menijo o njem.","Slovenia","self.Slovenia"
"[Nagrada 100 €] Iščem Yu-Gi-Oh! 1. sezono v slovenščini – obstaja še kje?","Damc123","22","18","Apr 28, 2026, 08:24 PM","https://www.reddit.com/r/Slovenia/comments/1sy9r57/nagrada_100_iščem_yugioh_1_sezono_v_slovenščini/","Question ❔","Pozdravljeni! Po enem letu odpiram staro vprašanje (ja, še kar iščem serijo😅). Kot že takrat iščem 1. sezono serije Yu-Gi-Oh! v slovenščini (brez pripon GX, Battle City, Arc-V, Zexal itd.), ki se je pred leti predvajala na PRO Plusovih kanalih. Žal si je sedaj ni mogoče ogledati prav nikjer več, preostala pa je le ena sama epizoda (ni je niti na Sloflixu ali naslednjikih Partisa). Zato se ponovno obračam na vas, če bi ima morda kdo še vedno shranjene posnetke te legendarne serije ali pa morda pozna koga, ki dela na PRO Plusu in bi lahko serijo zrihtal iz arhiva? Pripravljen sem ponuditi 100 € za celotno prvo sezono, če jo kdo najde (seveda mi mora prej poslati nekaj izrezkov epizod).  https://reddit.com/link/1sy9r57/video/fr00bf3y9zxg1/player  https://reddit.com/link/1sy9r57/video/qhffhzst9zxg1/player  https://reddit.com/link/1sy9r57/video/wl8mcgib4zxg1/player","Slovenia","self.Slovenia"
"Na Hrvaškem v sodelovanju z ZDA načrtujejo gradnjo velikega podatkovnega središča","Rainfolder","37","92","Apr 28, 2026, 05:28 PM","https://www.reddit.com/r/Slovenia/comments/1sy4p7m/na_hrvaškem_v_sodelovanju_z_zda_načrtujejo/","News 📰","Na Hrvaškem v sodelovanju z ZDA načrtujejo gradnjo velikega podatkovnega središča https://www.rtvslo.si/svet/evropa/na-hrvaskem-v-sodelovanju-z-zda-nacrtujejo-gradnjo-velikega-podatkovnega-sredisca/780711","Slovenia","self.Slovenia"
"Looking for a apartment in Nova Gorica","LavfromSerbia","0","6","Apr 29, 2026, 04:49 PM","https://www.reddit.com/r/Slovenia/comments/1sz10ck/looking_for_a_apartment_in_nova_gorica/","Question ❔","Hello neighbors, me and my friends were looking to rent an apartment in Nova Gorica from 10th of may to 16th of may. There will be 4 of us (all men). We are coming for Erasmus+ project that is currently going on.  We are looking for nothing special just a place to sleepover that week.  I want to hear your offers since all apartments on Booking and other sites seem absurdly priced","Slovenia","self.Slovenia"
"Komunajzer …","zozoredit","132","16","Apr 28, 2026, 09:25 AM","https://www.reddit.com/r/Slovenia/comments/1sxuavh/komunajzer/","Politični jazjaz 🤡","","Slovenia","v.redd.it"
"Kakšna plača bi bila dobra v sloveniji?","kinks96","41","196","Apr 28, 2026, 02:29 PM","https://www.reddit.com/r/Slovenia/comments/1sxzzaq/kakšna_plača_bi_bila_dobra_v_sloveniji/","Question ❔","S tem ne mislim na realno stanje, ampak če vzameš v obzir vse stroške itd. Pri kateri številki bi rekli da je to dobra plača glede na razmere v državi?","Slovenia","self.Slovenia"
"Ali se vam zdi, da mnogo ljudi nima neke dodane vrednosti?","Upset_Lock4423","98","217","Apr 28, 2026, 09:47 AM","https://www.reddit.com/r/Slovenia/comments/1sxuobi/ali_se_vam_zdi_da_mnogo_ljudi_nima_neke_dodane/","Discussion 💬","V zadnjih treh letih občasno (v času ko sem samski) spoznavam različne ženske prek raznih aplikacij, portalov.  Prvi pogoj, da mi kakšna pritegne interes, je njen videz (pri čemer ni nujno, da me privlači tisto, kar je mainstream). Če mi je torej vizualno všeč in imam to možnost, jo želim spoznavati skozi njena razmišljanja, navade itd.  Potem pa se marsikdaj zgodi, da v njej ne vidim neke 'dodane vrednosti' razen simpatičnega videza. Pač ne vidim nekih skupnih razmišljanj, želja oz. ne vidim, da obstajajo neke zanimive stvari, ki bi jih lahko počela skupaj in bi odnos ohranjale zanimiv. Naj dodam, da imam za moškega dokaj nizek libido oz. željo po spolnosti že odkar pomnim (imel sem krajšo fazo, ko ni bilo tako), zato lahko drugo osebo spoznavam brez pritiska, da mora odnos postati hitro fizične narave, kar mi omogoča, da vidim stvari, ki jih sicer verjetno ne bi.  Poleg tega me zanimajo izključno dolgoročn(ejš)i odnosi.  Imate tudi vi podobne težave pri spoznavanju drugih oseb, torej da ne vidite neke dodane vrednosti? Vprašanje ne glede na spol ali spolno usmerjenost.","Slovenia","self.Slovenia"
"Tečaj mandarinščine.","Adventurous-Sale4129","1","9","Apr 29, 2026, 09:15 AM","https://www.reddit.com/r/Slovenia/comments/1syriw7/tečaj_mandarinščine/","Question ❔","Pozdravljeni. Zanimam se za tečaj mandarinščine, kot sem navedel že v naslovu. Prijavil bi se na spletni tečaj saj b moji okolici drugače negre. Našel sem par spletnih šol  kot so Berlitz, Lingula in Konfucijev inštitut. Ima kdo kakšne iskušnje s katerim od teh? Kako ste se bi lotili tega podviga? Hvaležen za vse odgovore. :) ","Slovenia","self.Slovenia"
"VIP obeski","keber1","9","31","Apr 28, 2026, 08:51 PM","https://www.reddit.com/r/Slovenia/comments/1syajko/vip_obeski/","Question ❔","Je to kak klub, ""društvo"", ker lokala s tem imenom ne poznam. Najprej sem jih videl samo v dragih nemških avtih ""sumljivega porekla"", zdaj jih videvam v precej običajnih avtih (pa kar sem videl njihove voznike, niso videti ravno starejše mamce ali pa mladi fotri s tremi otroki zadaj...).  V čem je finta?","Slovenia","i.redd.it"
"Everything is Bigger in Balkans","Educational_Term_463","28","9","Apr 28, 2026, 02:34 PM","https://www.reddit.com/r/Slovenia/comments/1sy045o/everything_is_bigger_in_balkans/","Images & Video 📷","","Slovenia","v.redd.it"
"ZSSS: Lani 21 smrti v delovnih nesrečah, kar je nesprejemljivo visoko","owlexe23","27","25","Apr 28, 2026, 02:30 PM","https://www.reddit.com/r/Slovenia/comments/1sy006y/zsss_lani_21_smrti_v_delovnih_nesrečah_kar_je/","News 📰","ZSSS opozarja na visoko število delovnih nesreč s smrtnim izidom, ki jih je bilo lani 21, kar je po njihovih navedbah ""nesprejemljivo visoko"". Obenem izpostavljajo visok delež tujih delavcev med smrtnimi žrtvami.","Slovenia","rtvslo.si"
"Ali berete knjige?","Teghendion","30","218","Apr 28, 2026, 01:41 PM","https://www.reddit.com/r/Slovenia/comments/1sxywtw/ali_berete_knjige/","Discussion 💬","To vprašanje velja predvsem za moške. Jaz bom kr priznal, da knjig sploh ne berem, večinoma pa gledam TV. Samo včasih, ko sem grem na dejt pa se pogovarjava me potem bejba vpraša če berem kakšne knjige in ko odgovorim, da ne imam včasih občutek, kot da misli, da sem nekakšen primitivc. Ampak itak vse te knjige, ki so bestsellerji potem ekranizirajo in posnamejo filme ali pa serije tko, da pogledaš in se ne rabiš utrujat z branjem in to je to. Mene zanima a sem edini, ki tko razmišlja (upam, da ne lol) ali pa berete knjige in če ja kakšne knjige sploh so to?","Slovenia","self.Slovenia"
"Obljubili ste gradnjo 20000 stanovanj","Wise-One1342","64","120","Apr 28, 2026, 08:36 AM","https://www.reddit.com/r/Slovenia/comments/1sxtg9n/obljubili_ste_gradnjo_20000_stanovanj/","Images & Video 📷","Če pogledamo vir: https://www.levica.si/wp-content/uploads/2022/03/levica-program-2022-online.pdf  Točka “Stanovanja za vse” piše:  Zagotovili bomo, da bo streha nad glavo razumljena kot te-  meljna človekova pravica, ne pa kot špekulativna naložba na  dobičkonosnem trgu. Povišali bomo proračunska sredstva za  Stanovanjski sklad Republike Slovenije, da bo lahko do leta  2030 zgradil 30.000 javnih neprofitnih stanovanj. Podprli  bomo razvoj stanovanjskih zadrug in drugih neprofitnih  stanovanjskih organizacij, ki izvajajo javni interes na področju  stanovanjske preskrbe. Okrepili bomo regulacijo najemnega  trga z omejevanjem višine tržnih najemnin. Uvedli bomo  progresivni davek na nepremičnine in rente iz oddajanja  stanovanj in davek na prazna stanovanja.  Če so v 4ih letih naredili 2000 stanovanj, in je kapaciteta 2000 na leto, kako bodo zgradili dodatnih 18000 v 4ih letih? Math ain’t mathing!  Asta je na hitro šla iz 30000 na 20000 in tudi podaljšala iz 8 let na 10 let. Govori kakor veter pihne :)","Slovenia","v.redd.it"
"Študentska urna postavka?","Hot-Artichoke-1148","4","5","Apr 28, 2026, 10:40 PM","https://www.reddit.com/r/Slovenia/comments/1sydkt4/študentska_urna_postavka/","Question ❔","Prosim za info kakšna je postavka za delo v gradbeništvu? Pomožni delavec….","Slovenia","self.Slovenia"
"Kako visok je Tit Potecin iz Delta Riff","Unhappy_Tale6669","7","12","Apr 28, 2026, 06:47 PM","https://www.reddit.com/r/Slovenia/comments/1sy6x2o/kako_visok_je_tit_potecin_iz_delta_riff/","Question ❔","res me zanima, ker po tej sliki bi rekel da blizu 210 🤣","Slovenia","i.redd.it"
"Hisa z ravno streho","tywinnn","8","62","Apr 28, 2026, 07:09 PM","https://www.reddit.com/r/Slovenia/comments/1sy7kjt/hisa_z_ravno_streho/","Question ❔","Ali kdo ve kako pride posameznik do detajlov v katerih obcinah lahko gradis bajto z ravno streho (zena hoce) in kje ne pustijo?  Vem da v vecini ne pustijo, ampak je pa postopek dobit te informacije katastrofa, AI mi je predlagal stran PISO ampak to je zadeva iz leta 1900.  Skratka, ma kdo informacije iz prve roke ki je tako hiso gradil? Gledava naceloma parcele:  okolica ljubljane  Gorenjska","Slovenia","self.Slovenia"
"Če bi Slovenija imela Mount Rushmore, kdo bi bil na njem?","KODO_666","8","98","Apr 28, 2026, 04:49 PM","https://www.reddit.com/r/Slovenia/comments/1sy3lqc/če_bi_slovenija_imela_mount_rushmore_kdo_bi_bil/","Question ❔","","Slovenia","i.redd.it"
"Kam na počitnice brez avta?","Dodster123","6","58","Apr 28, 2026, 06:21 PM","https://www.reddit.com/r/Slovenia/comments/1sy679b/kam_na_počitnice_brez_avta/","Question ❔","Pozdravljeni z ženo želiva poleti na počitnice za kašen teden, a nimava avta oz. sva omejena na Avant2go. Najin budget je 1000 eur. Ali ima kdo kakšen predlog, saj ostajava brez idej. Lani sva bila na slo obali pa je bilo kar žalostno vse skupaj in overpriced. Hvala za kakšno idejo.  EDIT: Hvala vsem za ideje. Odločila sva se za priporočilo Madžarske z vlakom. Bova pa v prihodnje uporabila še kakšno idejo.","Slovenia","self.Slovenia"
"Cunjice za nedonošenčke","Wild_fire89","7","18","Apr 28, 2026, 05:47 PM","https://www.reddit.com/r/Slovenia/comments/1sy58is/cunjice_za_nedonošenčke/","Question ❔","Živjo.   Na vse mamice in očke ter strastne nakupovalce se obračam z vprašanjem v katerih ljubljanskih trgovinah dobim bodije in ostale cunjice za nedonošenčke?   Ker rabimo več stvari se bi radi izognili baby centra.  Ob tem ne želim do praznikov preletati cele Lj za osnovno baby garderobo.  Iščem v velikosti 46-48 ali pa manjše 50","Slovenia","self.Slovenia"